<?xml version="1.0" encoding="UTF-8" ?>
<!DOCTYPE generatorConfiguration PUBLIC "-//mybatis.org//DTD MyBatis Generator Configuration 1.0//EN"
        "http://mybatis.org/dtd/mybatis-generator-config_1_0.dtd" >

<generatorConfiguration>
    <context id="post" targetRuntime="MyBatis3">
        <commentGenerator>
            <property name="suppressAllComments" value="true"/>
        </commentGenerator>
        <jdbcConnection driverClass="com.mysql.jdbc.Driver"
                        connectionURL="jdbc:mysql://localhost:3306/post?useSSL=true"
                        userId="root"
                        password="236987415">
        </jdbcConnection>


        <javaTypeResolver>
            <property name="forceBigDecimals" value="false"/>
        </javaTypeResolver>
        <!--            实体类-->
        <javaModelGenerator targetPackage="pojo" targetProject="src\main\java">
            <property name="enableSubPackages" value="true"/>
            <property name="trimStrings" value="true"/>
        </javaModelGenerator>
        <!--mapper xml文件-->
        <sqlMapGenerator targetPackage="resources.mapper" targetProject="src\main">
            <property name="enableSubPackages" value="true"/>
        </sqlMapGenerator>
        <!--        mapper接口-->
        <javaClientGenerator type="XMLMAPPER" targetPackage="dao" targetProject="src\main\java">
            <property name="enableSubPackages" value="true"/>
        </javaClientGenerator>

        <table tableName="%" enableCountByExample="false" enableDeleteByExample="false"
               enableSelectByExample="false" enableUpdateByExample="false">
        </table>

    </context>
</generatorConfiguration>