<application>
  <component name="FeatureSuggesterSettings">
    <option name="workingDays">
      <list>
        <option value="1667129096128" />
        <option value="1667572508313" />
        <option value="1667634287759" />
        <option value="1669043843123" />
        <option value="1670756699684" />
        <option value="1670821485685" />
        <option value="1670866240393" />
        <option value="1670949441506" />
        <option value="1671036495866" />
        <option value="1671122682942" />
        <option value="1671210953455" />
        <option value="1671292826292" />
        <option value="1671383982582" />
        <option value="1672060019270" />
        <option value="1673015622180" />
        <option value="1673033951215" />
        <option value="1673107246055" />
        <option value="1673442373642" />
        <option value="1673452966538" />
        <option value="1673558004265" />
        <option value="1673717657770" />
        <option value="1674981857749" />
        <option value="1675008635112" />
        <option value="1675253465801" />
        <option value="1675933082066" />
        <option value="1676030244590" />
        <option value="1676078519016" />
        <option value="1676272559632" />
        <option value="1676702588165" />
        <option value="1676880244035" />
      </list>
    </option>
  </component>
</application>