<application>
  <component name="ProjectManager">
    <defaultProject>
      <component name="CompilerConfiguration">
        <bytecodeTargetLevel target="8" />
      </component>
      <component name="CompilerWorkspaceConfiguration">
        <option name="MAKE_PROJECT_ON_SAVE" value="true" />
      </component>
      <component name="GradleLocalSettings">
        <option name="myGradleUserHome" value="D:/JAVA/.gradle" />
      </component>
      <component name="ProjectRootManager" version="2" languageLevel="JDK_1_8" project-jdk-name="1.8" project-jdk-type="JavaSDK" />
      <component name="PropertiesComponent"><![CDATA[{
  "keyToString": {
    "go.import.settings.migrated": "true",
    "last_opened_file_path": "D:/JAVA/.gradle",
    "project.structure.last.edited": "SDKs",
    "project.structure.proportion": "0.0",
    "project.structure.side.proportion": "0.0",
    "settings.editor.selected.configurable": "MavenSettings"
  }
}]]></component>
      <component name="masterDetails">
        <states>
          <state key="GlobalLibrariesConfigurable.UI">
            <settings>
              <last-edited>JUnit5.4</last-edited>
            </settings>
          </state>
          <state key="JdkListConfigurable.UI">
            <settings>
              <last-edited>1.8</last-edited>
              <splitter-proportions>
                <option name="proportions">
                  <list>
                    <option value="0.2" />
                  </list>
                </option>
              </splitter-proportions>
            </settings>
          </state>
          <state key="ProjectJDKs.UI">
            <settings>
              <last-edited>1.8</last-edited>
              <splitter-proportions>
                <option name="proportions">
                  <list>
                    <option value="0.2" />
                  </list>
                </option>
              </splitter-proportions>
            </settings>
          </state>
          <state key="ProjectLibrariesConfigurable.UI" />
        </states>
      </component>
    </defaultProject>
  </component>
</application>