<application>
  <component name="SettingsSyncPlugins">
    <option name="plugins">
      <map>
        <entry key="Dart">
          <value>
            <PluginData>
              <option name="dependencies">
                <set>
                  <option value="com.intellij.modules.xml" />
                </set>
              </option>
              <option name="enabled" value="false" />
            </PluginData>
          </value>
        </entry>
        <entry key="JRebelPlugin">
          <value>
            <PluginData>
              <option name="dependencies">
                <set>
                  <option value="com.intellij.modules.java" />
                </set>
              </option>
            </PluginData>
          </value>
        </entry>
        <entry key="cn.yiiguxing.plugin.translate">
          <value>
            <PluginData />
          </value>
        </entry>
        <entry key="com.alibabacloud.intellij.cosy">
          <value>
            <PluginData>
              <option name="dependencies">
                <set>
                  <option value="org.intellij.plugins.markdown" />
                </set>
              </option>
              <option name="enabled" value="false" />
            </PluginData>
          </value>
        </entry>
        <entry key="com.baomidou.plugin.idea.mybatisx">
          <value>
            <PluginData>
              <option name="dependencies">
                <set>
                  <option value="com.intellij.modules.java" />
                </set>
              </option>
            </PluginData>
          </value>
        </entry>
        <entry key="com.github.wangji92.arthas.plugin">
          <value>
            <PluginData>
              <option name="dependencies">
                <set>
                  <option value="com.intellij.modules.java" />
                </set>
              </option>
            </PluginData>
          </value>
        </entry>
        <entry key="com.intellij.drools">
          <value>
            <PluginData />
          </value>
        </entry>
        <entry key="com.intellij.grpc">
          <value>
            <PluginData>
              <option name="enabled" value="false" />
            </PluginData>
          </value>
        </entry>
        <entry key="com.intellij.guice">
          <value>
            <PluginData>
              <option name="enabled" value="false" />
            </PluginData>
          </value>
        </entry>
        <entry key="com.intellij.kubernetes">
          <value>
            <PluginData />
          </value>
        </entry>
        <entry key="com.jetbrains.space">
          <value>
            <PluginData>
              <option name="enabled" value="false" />
            </PluginData>
          </value>
        </entry>
        <entry key="com.robohorse.robopojogenerator">
          <value>
            <PluginData>
              <option name="dependencies">
                <set>
                  <option value="com.intellij.modules.lang" />
                </set>
              </option>
            </PluginData>
          </value>
        </entry>
        <entry key="com.vermouthx.xcode-theme">
          <value>
            <PluginData>
              <option name="dependencies">
                <set>
                  <option value="com.intellij.modules.platform" />
                </set>
              </option>
            </PluginData>
          </value>
        </entry>
        <entry key="hdzi.idea-editstarters-plugin">
          <value>
            <PluginData>
              <option name="dependencies">
                <set>
                  <option value="com.intellij.modules.platform" />
                  <option value="org.intellij.groovy" />
                  <option value="org.jetbrains.idea.maven" />
                  <option value="org.jetbrains.kotlin" />
                  <option value="org.jetbrains.plugins.gradle" />
                </set>
              </option>
            </PluginData>
          </value>
        </entry>
        <entry key="idea.plugin.protoeditor">
          <value>
            <PluginData>
              <option name="enabled" value="false" />
            </PluginData>
          </value>
        </entry>
        <entry key="ink.organics.pojo2json">
          <value>
            <PluginData>
              <option name="dependencies">
                <set>
                  <option value="com.intellij.java" />
                  <option value="com.intellij.modules.lang" />
                  <option value="com.intellij.modules.platform" />
                </set>
              </option>
            </PluginData>
          </value>
        </entry>
        <entry key="io.flutter">
          <value>
            <PluginData>
              <option name="dependencies">
                <set>
                  <option value="Dart" />
                  <option value="Git4Idea" />
                  <option value="com.intellij.modules.coverage" />
                  <option value="com.intellij.modules.lang" />
                  <option value="com.intellij.modules.platform" />
                  <option value="com.intellij.modules.xdebugger" />
                  <option value="org.jetbrains.plugins.yaml" />
                </set>
              </option>
              <option name="enabled" value="false" />
            </PluginData>
          </value>
        </entry>
        <entry key="mobi.hsz.idea.gitignore">
          <value>
            <PluginData>
              <option name="dependencies">
                <set>
                  <option value="com.intellij.modules.lang" />
                  <option value="com.intellij.modules.vcs" />
                </set>
              </option>
            </PluginData>
          </value>
        </entry>
        <entry key="net.ashald.envfile">
          <value>
            <PluginData>
              <option name="dependencies">
                <set>
                  <option value="com.intellij.modules.lang" />
                </set>
              </option>
            </PluginData>
          </value>
        </entry>
        <entry key="org.intellij.gitee">
          <value>
            <PluginData>
              <option name="dependencies">
                <set>
                  <option value="Git4Idea" />
                  <option value="com.intellij.modules.lang" />
                </set>
              </option>
            </PluginData>
          </value>
        </entry>
        <entry key="org.jetbrains.android">
          <value>
            <PluginData>
              <option name="dependencies">
                <set>
                  <option value="JUnit" />
                  <option value="com.android.tools.idea.smali" />
                  <option value="com.intellij.gradle" />
                  <option value="com.intellij.modules.java" />
                  <option value="com.intellij.modules.java-capable" />
                  <option value="com.intellij.platform.images" />
                  <option value="com.intellij.properties" />
                  <option value="intellij.webp" />
                  <option value="org.intellij.groovy" />
                  <option value="org.intellij.intelliLang" />
                  <option value="org.jetbrains.idea.gradle.dsl" />
                  <option value="org.jetbrains.kotlin" />
                  <option value="org.jetbrains.plugins.gradle" />
                </set>
              </option>
              <option name="enabled" value="false" />
            </PluginData>
          </value>
        </entry>
        <entry key="org.jetbrains.plugins.go">
          <value>
            <PluginData>
              <option name="enabled" value="false" />
            </PluginData>
          </value>
        </entry>
        <entry key="org.jetbrains.plugins.vue">
          <value>
            <PluginData />
          </value>
        </entry>
      </map>
    </option>
  </component>
</application>