<application>
  <component name="AppStorage">
    <option name="newTranslationDialogCollapseDictViewer" value="false" />
    <option name="newTranslationDialogHeight" value="307" />
    <option name="newTranslationDialogWidth" value="570" />
    <option name="newTranslationDialogX" value="615" />
    <option name="newTranslationDialogY" value="215" />
    <histories>
      <item value="机构" />
      <item value="Client" />
      <item value="Nacos Discovery Configuration" />
      <item value="Data Source" />
      <item value="factors out" />
      <item value="uniform" />
      <item value="Candidates" />
      <item value="vast majority of bins" />
      <item value="bins" />
      <item value="binned" />
      <item value="ameliorate" />
      <item value="sufficiently" />
      <item value="tradeoff" />
      <item value="assuming" />
      <item value="roughly equivalent" />
      <item value="Checkout Service Application" />
      <item value="insurance" />
      <item value="保险" />
      <item value="发生" />
      <item value="出现" />
      <item value="特性" />
      <item value="验证" />
      <item value="Audience" />
      <item value="核验器" />
      <item value="verify" />
      <item value="校验器" />
      <item value="验证器" />
      <item value="私有密钥" />
      <item value="密钥" />
      <item value="bcryptHash – to compare against the password; here the whole bcrypt hash" />
      <item value="be related" />
      <item value="关联" />
      <item value="transaction" />
      <item value="交易" />
      <item value="authenticate" />
      <item value="认证" />
      <item value="头像" />
      <item value="redisson" />
      <item value="correlating" />
      <item value="exponential" />
      <item value="中间&#10;" />
      <item value="在中间&#10;" />
      <item value="在中间" />
      <item value="Explicit" />
      <item value="Daemon" />
      <item value="actuator" />
      <item value="完了,芭比Q了" />
      <item value="完了,芭比Q" />
      <item value="完了,芭比" />
      <item value="完了,ba'bi" />
    </histories>
    <option name="languageScores">
      <map>
        <entry key="CHINESE" value="70" />
        <entry key="ENGLISH" value="70" />
        <entry key="SPANISH" value="1" />
      </map>
    </option>
  </component>
  <component name="Cache">
    <option name="lastTrimTime" value="1671275371790" />
  </component>
</application>